064e5381444d35a8ab1184d6c8d2eaa839a40f96c704ae7995fa3b660c7e273d	worktree_before/i14b/iso/natural_window.py
064e5381444d35a8ab1184d6c8d2eaa839a40f96c704ae7995fa3b660c7e273d	worktree/baseline/natural_window.t1_10fixed.pristine.py
f2a07d0b85c5dcb3a233d9010ad9deead70b22535ab82a61414d2ef7f54f7c23	worktree_before/i14b/harness/run_cases.py
4f741cb72af5cdb62095b422d4d87d6440082091a53969704201616bed383def	worktree_before/i14b/harness/mutate.r2.py
5d8c459277da88b8361b520bee1424f079dc1d9c08744433cae0d30cdbb67d64	worktree_before/i14b/harness/cases.json
23d89fb27bbdb599646290ba5dbf096a0d1513d63c7a6d19f3f16fe9f88279de	worktree_before/i14b/harness/cases.r2.json
3ba2bb1799ae30b9acac064ab7a7a57338fcd3dfab3aa27052e02f8ffdac806b	worktree_before/i14b/harness/frozen_expectations.json
a24d8ab3444dd1c75eaa3533f424a048bdced4f0f66408cb04622ead760667ba	worktree_before/i14b/harness/frozen_expectations.r2.json
413ff05c52e07acacf0491a0ec3f2cd1c426011995b45d7ad3edaab65a38ad4e	worktree_before/i14b/harness/tests/test_i14b_natural_window.py
ace076871c811441bc454692323dbba71243086ec7287880eed9b51a8114d1e9	worktree_before/i14b/harness/tests/test_i14b_natural_window_r2.py
316e369c9afc9d8df04a425945b97e41378e87f3ac17c721d0ab9ddf90904bfd	worktree_before/i14b/harness/tests/test_i14b_natural_window_basis_total.py
bdd0407ab577ed4564b8e948d8e3954b663c795dbcd7a3035485424ae753baf3	worktree_before/i14b/oracle.md
ab93734d430bd2814d55ae8be5f22297c4a3888c8ac83f0c43192fa0576142ed	worktree_before/i14b/review.md
660bc943187db1c083ef8f04b3c642f3917a3040a5eae376c4fcbbb7ef2c2104	worktree_before/i14b/changes.r2.diff
f2a07d0b85c5dcb3a233d9010ad9deead70b22535ab82a61414d2ef7f54f7c23	worktree/i14b/harness/run_cases.py
4f741cb72af5cdb62095b422d4d87d6440082091a53969704201616bed383def	worktree/i14b/harness/mutate.r2.py
5d8c459277da88b8361b520bee1424f079dc1d9c08744433cae0d30cdbb67d64	worktree/i14b/harness/cases.json
23d89fb27bbdb599646290ba5dbf096a0d1513d63c7a6d19f3f16fe9f88279de	worktree/i14b/harness/cases.r2.json
3ba2bb1799ae30b9acac064ab7a7a57338fcd3dfab3aa27052e02f8ffdac806b	worktree/i14b/harness/frozen_expectations.json
a24d8ab3444dd1c75eaa3533f424a048bdced4f0f66408cb04622ead760667ba	worktree/i14b/harness/frozen_expectations.r2.json
413ff05c52e07acacf0491a0ec3f2cd1c426011995b45d7ad3edaab65a38ad4e	worktree/i14b/harness/tests/test_i14b_natural_window.py
ace076871c811441bc454692323dbba71243086ec7287880eed9b51a8114d1e9	worktree/i14b/harness/tests/test_i14b_natural_window_r2.py
316e369c9afc9d8df04a425945b97e41378e87f3ac17c721d0ab9ddf90904bfd	worktree/i14b/harness/tests/test_i14b_natural_window_basis_total.py
bdd0407ab577ed4564b8e948d8e3954b663c795dbcd7a3035485424ae753baf3	worktree/i14b/oracle.md
ab93734d430bd2814d55ae8be5f22297c4a3888c8ac83f0c43192fa0576142ed	worktree/i14b/review.md
660bc943187db1c083ef8f04b3c642f3917a3040a5eae376c4fcbbb7ef2c2104	worktree/i14b/changes.r2.diff
ea63701c288fdc890cd985b077dce37c4a53aebd438e1548add9d047714f30ce	oracle.md
88f15ee66c6df28ffb528b1366f25d11d65b44e80a758256f52dbadcbb4515bf	scripts/inherit_probe_t1_10_fix.py
625ecfe45f3d713a08b5873c6cb3df258c25279d4c5bf3f4e25295cd441199ac	C:\Users\郑曾波\Projects\revenue-forecast\.planning\2026-09-19-three-project-history-audit\execution_runs\T1-10-FIX\a20260923-01\changes.diff
afe8b61a3274e2473fe08db116e362bacf30e7c99facc90ec13d9453c929e4fb	C:\Users\郑曾波\Projects\revenue-forecast\.planning\2026-09-19-three-project-history-audit\execution_runs\T1-10-FIX\a20260923-01\oracle.md
7adebb7a340a22b49afa67dec94cd8d3cfea2aee25792ca2c574fd0cea9f780d	C:\Users\郑曾波\Projects\revenue-forecast\.planning\2026-09-19-three-project-history-audit\execution_runs\T1-10-FIX\a20260923-01\decision.md
f3f4dd2bc5c08f09f69261a1069a5ec3eedab1206d02951ea6b84195c661a445	C:\Users\郑曾波\Projects\revenue-forecast\.planning\2026-09-19-three-project-history-audit\execution_runs\T1-10-FIX\a20260923-01\handoff.json
88f15ee66c6df28ffb528b1366f25d11d65b44e80a758256f52dbadcbb4515bf	C:\Users\郑曾波\Projects\revenue-forecast\.planning\2026-09-19-three-project-history-audit\execution_runs\T1-10-FIX\a20260923-01\scripts\verify_t1_10_fix.py
f7394f8c31fe2a02cc85cc624061de762fdbc2562701902f11d47f269334fbb1	C:\Users\郑曾波\Projects\revenue-forecast\.planning\2026-09-19-three-project-history-audit\execution_runs\T1-10-FIX\a20260923-01\evidence\after\probes\family_results.json
90bcefb9aadfe098dee1f16802bdf0af9ac7af9b2d74b21cc10a45e07b26c33b	C:\Users\郑曾波\Projects\revenue-forecast\.planning\2026-09-19-three-project-history-audit\execution_runs\M-T-REVIEW\a20260923-01\landing_package\t1_review_flips.md
7fff6f0c1e8ab202d3034540ca3b2b6cb6be17b4661bc726f7f5261159e4e796	C:\Users\郑曾波\Projects\revenue-forecast\.planning\2026-09-19-three-project-history-audit\execution_runs\I-14-B\a20260919-01\iso\natural_window.py
