item_id,source_file,source_line,historical_state,conclusion,reason,review_mode
CA-001,audit_review/2026-08-13_three_repo_completion_rebaseline_plan/completion_assurance_registry.md,15,accepted,insufficient_evidence,单writer/CAS可以保护控制文件，却不验证卡片目标是否仍等于冻结原始义务；缺当前并发破坏/恢复原始日志与原子义务语义一致性门。,manual_obligation_vs_evidence_scope
CA-002,audit_review/2026-08-13_three_repo_completion_rebaseline_plan/completion_assurance_registry.md,25,accepted,insufficient_evidence,当前state仍绑定8月triplet；历史envfreeze不能证明今日HEAD/config/安装副本/数据一致。必须冻结当前输入并使任一漂移失效。,manual_obligation_vs_evidence_scope
CA-003,audit_review/2026-08-13_three_repo_completion_rebaseline_plan/completion_assurance_registry.md,33,accepted,insufficient_evidence,当前CodeGraph找不到磁盘已有rolling_backtest和confidence_policy部分符号，索引notfound不能证明零调用者；缺按当前HEAD的全文件索引覆盖清单及冻结符号到实际入口逐项核对。此处不是以notfound反推生产缺陷。,manual_obligation_vs_evidence_scope
CA-004,audit_review/2026-08-13_three_repo_completion_rebaseline_plan/completion_assurance_registry.md,42,accepted,supported_scoped,71FC逐ID投影存在且每项保留旧状态/原因/successor；仅证明迁移记录完整，不能证明successor兑现。其旧分类不直接继承为今日产品结论。,manual_obligation_vs_evidence_scope
CA-101,audit_review/2026-08-13_three_repo_completion_rebaseline_plan/completion_assurance_registry.md,51,accepted,insufficient_evidence,117状态皆accepted是可读机器事实；状态迁移不验证原义务已完成，CA206/301/302的缩范围仍解锁终验；需强制未完成部署子节点。,manual_obligation_vs_evidence_scope
CA-102,audit_review/2026-08-13_three_repo_completion_rebaseline_plan/completion_assurance_registry.md,58,accepted,insufficient_evidence,receipt支持canonical hash但自报commands/result文字不是原始执行证明；现有receipt未一致绑定stdout/stderr结果工件。需命令结果内容寻址与外部oracle。,manual_obligation_vs_evidence_scope
CA-103,audit_review/2026-08-13_three_repo_completion_rebaseline_plan/completion_assurance_registry.md,65,accepted,contradicted,已读ZR605/CA302 reviewer发现被minor/info接受且无硬后继；未关闭finding不阻phase exit的实际链与原始目标不一致。历史87 receipt重签不能补做独立审查。,manual_obligation_vs_evidence_scope
CA-104,audit_review/2026-08-13_three_repo_completion_rebaseline_plan/completion_assurance_registry.md,72,accepted,insufficient_evidence,抽读CA206/302命令保存command/exit/result摘要，缺本次完整不可变stdout/stderr hash；原义务要求的实际collected/skip/业务outcome尚不能从这些摘要验真。,manual_obligation_vs_evidence_scope
CA-105,audit_review/2026-08-13_three_repo_completion_rebaseline_plan/completion_assurance_registry.md,79,accepted,insufficient_evidence,197单元registry建立和status变化是控制资产；原要求scenario×required tier×triplet，需逐tier真实结果，不能由197行passed数字替代。,manual_obligation_vs_evidence_scope
CA-106,audit_review/2026-08-13_three_repo_completion_rebaseline_plan/completion_assurance_registry.md,86,accepted,contradicted,source_preparation把DAG缺失角色列表命名producer_events但未执行producer；CA302 side_effect=0描述同时容许2条registry写。独立计数语义尚不统一。,manual_obligation_vs_evidence_scope
CA-107,audit_review/2026-08-13_three_repo_completion_rebaseline_plan/completion_assurance_registry.md,93,accepted,contradicted,终局117accepted建立于已缩范围CA206/301/302；原closure须未满自然时间/真实旅程阻断，历史终态仍complete，不能证明总目标。,manual_obligation_vs_evidence_scope
CA-108,audit_review/2026-08-13_three_repo_completion_rebaseline_plan/completion_assurance_registry.md,100,accepted,insufficient_evidence,30 mutation的存在/kill只约束冻结攻击面；原要求无schedule/代理SLO/未关finding等必须杀，CA206和CA302反例仍能终局。需将本次具体反例加入不同oracle。,manual_obligation_vs_evidence_scope
CA-109,audit_review/2026-08-13_three_repo_completion_rebaseline_plan/completion_assurance_registry.md,106,accepted,insufficient_evidence,卡将production/CI only Closure2.0改写为旧引用登记finding+successor，禁止改CI；后继CA201又禁止workflow修改。当前清除情况应查实际workflow，历史accepted不自足。,manual_obligation_vs_evidence_scope
CA-201,audit_review/2026-08-13_three_repo_completion_rebaseline_plan/completion_assurance_registry.md,115,accepted,contradicted,卡仅验收吸收关系，9项ci-gap successor=CA201且禁止修改workflow/实现fanout仍117/117闭环。原三仓候选fanout目标不由所有权映射证明。,manual_obligation_vs_evidence_scope
CA-202,audit_review/2026-08-13_three_repo_completion_rebaseline_plan/completion_assurance_registry.md,122,accepted,insufficient_evidence,卡验runner一次只读报告并明确不注册scheduler；后续GP有自然触发证据，须按当前任务Action/环境/样本查证，原accepted不能代表每日持续健康。,manual_obligation_vs_evidence_scope
CA-203,audit_review/2026-08-13_three_repo_completion_rebaseline_plan/completion_assurance_registry.md,129,accepted,insufficient_evidence,卡明确opt-in真实T3只结构检查不执行，spy adapter不是CN/HK/US实际供应商。需当前真实3市场下载→扫描→resolve→二次复用及amendment。,manual_obligation_vs_evidence_scope
CA-204,audit_review/2026-08-13_three_repo_completion_rebaseline_plan/completion_assurance_registry.md,136,accepted,contradicted,Monthly卡无真实Monthly报告，第二矿企只有helper、非矿只看同紫金文档的trading及110/121；不能证明真实broker表格/错归/跨企业泛化。,manual_obligation_vs_evidence_scope
CA-205,audit_review/2026-08-13_three_repo_completion_rebaseline_plan/completion_assurance_registry.md,143,accepted,insufficient_evidence,tmp原子发布/错误拒绝是机制资产；不能证明实际scheduler报告、告警送达ack/retry和release读取同一部署链。需有自然触发失败与恢复原始记录。,manual_obligation_vs_evidence_scope
CA-206,audit_review/2026-08-13_three_repo_completion_rebaseline_plan/completion_assurance_registry.md,150,accepted,contradicted,原要求不可豁免真实7/2/1/drill，卡改为测试文件内纯函数且不做自然累积。31项复跑绿；独立探针7个同日未来空hash被该测试计算器判complete。不是实际生产soak反例。,manual_obligation_vs_evidence_scope
CA-301,audit_review/2026-08-13_three_repo_completion_rebaseline_plan/completion_assurance_registry.md,158,accepted,contradicted,原三干净checkout独立全重放，卡明确不执行真实clean checkout；只验commit存在/hash/状态。还修补历史11receipt。缺三干净部署的重放产物。,manual_obligation_vs_evidence_scope
CA-302,audit_review/2026-08-13_three_repo_completion_rebaseline_plan/completion_assurance_registry.md,164,accepted,contradicted,"原真实三公司/all roots/worker/下载旅程被改成合成引擎；第二矿企和非矿仍复用_zijin_document，reconcile(x,x)恒成立；reviewer已知此缺口却accepted。",manual_obligation_vs_evidence_scope
CA-303,audit_review/2026-08-13_three_repo_completion_rebaseline_plan/completion_assurance_registry.md,170,accepted,insufficient_evidence,root/company硬编码零、复杂度下降与强类型为不同义务；grep两词不能证明通用业务或不可达双实现。需当前全调用图、动态入口和质量差分。,manual_obligation_vs_evidence_scope
CA-304,audit_review/2026-08-13_three_repo_completion_rebaseline_plan/completion_assurance_registry.md,176,accepted,insufficient_evidence,旧accepted时真实R9删除留部署；后GP批1/2记录删除，wiki批3仍保留活跃调用者。须按每批当前符号/自然窗口/回滚实证判定，不能整体继承。,manual_obligation_vs_evidence_scope
CA-305,audit_review/2026-08-13_three_repo_completion_rebaseline_plan/completion_assurance_registry.md,183,accepted,contradicted,test_ca305只检查accepted、receipt/test文件存在、triplet长度40和state hash长度64；无真实需求oracle且未比较当前triplet，六问pass由先前标签循环证明。,manual_obligation_vs_evidence_scope
CA-306,audit_review/2026-08-13_three_repo_completion_rebaseline_plan/completion_assurance_registry.md,189,accepted,supported_scoped,旧目录terminal/状态覆盖和引用保留是文档归档资产；不把归档等于遗留问题已解决。必须保留原承诺的未兑现义务。,manual_obligation_vs_evidence_scope
ZR-001,audit_review/2026-08-13_zijin_data_lake_remediation_plan/work_unit_registry.md,9,accepted,historical_only,旧紫金基线是当时样本；09-18已再次出现真实链阻断，历史RED分类不能替代当前三公司基线。,manual_obligation_vs_evidence_scope
ZR-002,audit_review/2026-08-13_zijin_data_lake_remediation_plan/work_unit_registry.md,10,accepted,insufficient_evidence,schema/锁/registry有资产，但原命令不能缩减的义务被后续CA卡scope下调绕过；缺逐验收点的冻结差分。,manual_obligation_vs_evidence_scope
ZR-003,audit_review/2026-08-13_zijin_data_lake_remediation_plan/work_unit_registry.md,11,accepted,insufficient_evidence,golden corpus 12样本仅哈希冻结；须独立复核原文实体/角色/期间和可读性，不把注册视为语义正确。,manual_obligation_vs_evidence_scope
ZR-004,audit_review/2026-08-13_zijin_data_lake_remediation_plan/work_unit_registry.md,12,accepted,supported_scoped,旧FC71逐项映射和关闭矩阵存在；处置记录完整与遗留功能成功分开，旧accepted不继承。,manual_obligation_vs_evidence_scope
ZR-101,audit_review/2026-08-13_zijin_data_lake_remediation_plan/work_unit_registry.md,18,accepted,insufficient_evidence,八阶段taxonomy存在不能保证全部入口遵循；09-18缺文档统一upstream/exit3与头部exit1合同冲突。需跨链逐阶段负例。,manual_obligation_vs_evidence_scope
ZR-102,audit_review/2026-08-13_zijin_data_lake_remediation_plan/work_unit_registry.md,19,accepted,supported_scoped,source_preparation具有真实subprocess调用且T1 fixture搭三进程；只证明隔离链形态，不覆盖生产policy与来源审查可达性。,manual_obligation_vs_evidence_scope
ZR-103,audit_review/2026-08-13_zijin_data_lake_remediation_plan/work_unit_registry.md,20,accepted,contradicted,CA305机器终验可由状态/文件存在过关，不能替代receipt原义务的命令与side-effect真实性；同reviewer/skip/hashes规则需最终链调用证明。,manual_obligation_vs_evidence_scope
ZR-104,audit_review/2026-08-13_zijin_data_lake_remediation_plan/work_unit_registry.md,21,accepted,insufficient_evidence,复杂度/coverage基线是回归约束，不代表债务下降或production reachable；需当前完整模块与排除清单，不能用总测试数替代。,manual_obligation_vs_evidence_scope
ZR-105,audit_review/2026-08-13_zijin_data_lake_remediation_plan/work_unit_registry.md,22,accepted,insufficient_evidence,required checks与跨仓candidate fanout不同；CA201承接的调度仍被窄卡范围规避。缺每一仓变更触发另外两仓精确候选的记录。,manual_obligation_vs_evidence_scope
ZR-201,audit_review/2026-08-13_zijin_data_lake_remediation_plan/work_unit_registry.md,28,accepted,insufficient_evidence,需要OS只读且不存在DB不创建、WAL/DDL/migration零触碰当前证据；历史Reader类型/只读SELECT不能单独证明全入口。,manual_obligation_vs_evidence_scope
ZR-202,audit_review/2026-08-13_zijin_data_lake_remediation_plan/work_unit_registry.md,29,accepted,insufficient_evidence,typed查询和query_only是局部保障；需schema mismatch和每个CLI真实连接路径的零写证据，交叉wiki复审。,manual_obligation_vs_evidence_scope
ZR-203,audit_review/2026-08-13_zijin_data_lake_remediation_plan/work_unit_registry.md,30,accepted,insufficient_evidence,原所有生产只读入口writer caller=0需完整图；当前CodeGraph漏符号，本仓不能据静态notfound认证完整接线。,manual_obligation_vs_evidence_scope
ZR-204,audit_review/2026-08-13_zijin_data_lake_remediation_plan/work_unit_registry.md,31,accepted,contradicted,09-18CNINFO403在上游retryable=true后被上层fatal/retryable=false，并嵌套截断，原统一阶段错误透传未完全兑现。,manual_obligation_vs_evidence_scope
ZR-205,audit_review/2026-08-13_zijin_data_lake_remediation_plan/work_unit_registry.md,32,accepted,contradicted,filing独立隔离探针reviews/filing/pure_probes.py16–25和tests/pure_probes.json：预算10，模拟第1调用耗9抛busy后仍sleep5，模拟clock到14才报before resolve超时；旧remaining未刷新。是受控模拟时钟反例，不是生产或14秒墙钟观察。worker超期_remaining还返回10见同探针；须按每次实际remaining限退避/恢复。,manual_obligation_vs_evidence_scope
ZR-206,audit_review/2026-08-13_zijin_data_lake_remediation_plan/work_unit_registry.md,33,accepted,insufficient_evidence,49GB读SLO需要真实查询类别、子进程RSS/锁等待及样本绑定；历史catalog字节规模与一次耗时不能认证全部READ场景。,manual_obligation_vs_evidence_scope
ZR-301,audit_review/2026-08-13_zijin_data_lake_remediation_plan/work_unit_registry.md,39,accepted,insufficient_evidence,source lifecycle可表达状态，但09-18raw-ready与review-ready分裂；需对每consumer显式requirements和路径可达的补处理动作。,manual_obligation_vs_evidence_scope
ZR-302,audit_review/2026-08-13_zijin_data_lake_remediation_plan/work_unit_registry.md,40,accepted,insufficient_evidence,not_reviewed fail closed有效；审查receipt生成/缓存失效的受支持生产命令未在真实旅程跑通。缺有效review闭环而非取消安全门。,manual_obligation_vs_evidence_scope
ZR-303,audit_review/2026-08-13_zijin_data_lake_remediation_plan/work_unit_registry.md,41,accepted,contradicted,真实capture_ready+verified_input同时bundle_usable=false/not_reviewed，下游仅RuntimeError，无next action；原统一ready及每blocker行动指引未闭环。,manual_obligation_vs_evidence_scope
ZR-304,audit_review/2026-08-13_zijin_data_lake_remediation_plan/work_unit_registry.md,42,accepted,insufficient_evidence,8个artifact字节匹配不等于当前binding有效；source_sha/schema/status缺口仍存在。须真实producer attempt/result和唯一view消费者逐条验证。,manual_obligation_vs_evidence_scope
ZR-305,audit_review/2026-08-13_zijin_data_lake_remediation_plan/work_unit_registry.md,43,accepted,insufficient_evidence,迁移分桶/少量canary不等于历史存量可消费；09-18合法字节仍旧schema/partial被拒，需受控迁移后真实bundle命中证据。,manual_obligation_vs_evidence_scope
ZR-306,audit_review/2026-08-13_zijin_data_lake_remediation_plan/work_unit_registry.md,44,accepted,supported_scoped,11个selector测试本轮通过，可证明角色DAG计算；未执行实际producer，因此只支持最小计划，不支持最小重处理结果。,manual_obligation_vs_evidence_scope
ZR-307,audit_review/2026-08-13_zijin_data_lake_remediation_plan/work_unit_registry.md,45,accepted,contradicted,prepare_source在not_reviewed或子进程nonzero时直接raise，reuse_receipt在更后方才构造；失败仍显示reuse/download的原承诺不满足。,manual_obligation_vs_evidence_scope
ZR-401,audit_review/2026-08-13_zijin_data_lake_remediation_plan/work_unit_registry.md,51,accepted,insufficient_evidence,配置loader/schema与runtime快照必须统一；09-18v2_scan_shadow=true但company_raw缺adapter_id，证明生产配置适用性未闭合。隐私既有owner变更另核。,manual_obligation_vs_evidence_scope
ZR-402,audit_review/2026-08-13_zijin_data_lake_remediation_plan/work_unit_registry.md,52,accepted,contradicted,adapter registry存在，但真实canonical writer扫描因company_raw无adapter_id在v2 fail closed；配置与入口联合接受门不足。,manual_obligation_vs_evidence_scope
ZR-403,audit_review/2026-08-13_zijin_data_lake_remediation_plan/work_unit_registry.md,53,accepted,insufficient_evidence,历史同字节跨根核验不能证明物理排他root选择；09-18未有合格外部唯一raw候选，需current root-only正反例。,manual_obligation_vs_evidence_scope
ZR-404,audit_review/2026-08-13_zijin_data_lake_remediation_plan/work_unit_registry.md,54,accepted,insufficient_evidence,envelope携policy hash不自动证明执行使用同一snapshot；需scan/resolve/ensure/close-gap一致性及激活epoch可追踪。,manual_obligation_vs_evidence_scope
ZR-405,audit_review/2026-08-13_zijin_data_lake_remediation_plan/work_unit_registry.md,55,accepted,insufficient_evidence,已抽查跨根文件存在/hash，但09-18未证实外部唯一副本handle；具体filing-side审核由独立filing reviewer补证。,manual_obligation_vs_evidence_scope
ZR-406,audit_review/2026-08-13_zijin_data_lake_remediation_plan/work_unit_registry.md,56,accepted,insufficient_evidence,latest/newer_revision/非自然年必须与local exact正交；实际一次403不能判算法错，亦不能证明freshness完整。需当前真实与隔离语义矩阵。,manual_obligation_vs_evidence_scope
ZR-407,audit_review/2026-08-13_zijin_data_lake_remediation_plan/work_unit_registry.md,57,accepted,insufficient_evidence,授权两分支本次观察有效，但GapPlan scope/TTL/hash与newer_revision全部原义务未在此次三公司跑完；需要真实scope-bound补缺。,manual_obligation_vs_evidence_scope
ZR-408,audit_review/2026-08-13_zijin_data_lake_remediation_plan/work_unit_registry.md,58,accepted,contradicted,小米/微软raw与sidecar落盘后扫描files_seen=0、索引无新SHA，再次reuse not_found；staging→commit→re-resolve闭环实测未兑现。,manual_obligation_vs_evidence_scope
ZR-409,audit_review/2026-08-13_zijin_data_lake_remediation_plan/work_unit_registry.md,59,accepted,insufficient_evidence,第五root隔离配置实验与生产多根共存不是同一验收；需真实allowed root-only用户旅程+current policy完整证明。,manual_obligation_vs_evidence_scope
ZR-501,audit_review/2026-08-13_zijin_data_lake_remediation_plan/work_unit_registry.md,65,accepted,insufficient_evidence,broker metadata结构存在不证明身份正确；七份PDF每份原文publisher/作者/日期/实体/页码独立oracle不足以由登记行数替代。,manual_obligation_vs_evidence_scope
ZR-502,audit_review/2026-08-13_zijin_data_lake_remediation_plan/work_unit_registry.md,66,accepted,insufficient_evidence,sidecar不是主文和首页身份拒绝需要每份实际原文定位；旧样本固定不能覆盖重命名/首页冲突，待wiki原始证据交叉。,manual_obligation_vs_evidence_scope
ZR-503,audit_review/2026-08-13_zijin_data_lake_remediation_plan/work_unit_registry.md,67,accepted,insufficient_evidence,多实体归属要表格/section逐事实验证；长江anchor存在不等于零错归。缺独立标注与逐cell差错表。,manual_obligation_vs_evidence_scope
ZR-504,audit_review/2026-08-13_zijin_data_lake_remediation_plan/work_unit_registry.md,68,accepted,insufficient_evidence,normalized文件存在和hash不能证明页面阅读顺序/页码保真；原每页locator/两栏/图片页oracle需要渲染比对。,manual_obligation_vs_evidence_scope
ZR-505,audit_review/2026-08-13_zijin_data_lake_remediation_plan/work_unit_registry.md,69,accepted,insufficient_evidence,表格行列/合并/脚注/单位保真不能由table artifact计数判定；缺7份代表PDF的cell级基准与阈值计算。,manual_obligation_vs_evidence_scope
ZR-506,audit_review/2026-08-13_zijin_data_lake_remediation_plan/work_unit_registry.md,70,accepted,insufficient_evidence,section/chunk/tag存在不能证明actual/estimate/target、period、unit、ownership全正确；需要回源验证矩阵。,manual_obligation_vs_evidence_scope
ZR-507,audit_review/2026-08-13_zijin_data_lake_remediation_plan/work_unit_registry.md,71,accepted,insufficient_evidence,revenue只写本进程DemandQueue，CLI退出即丢；尚未证明worker收到持久demand、授权过滤和完成后二次producer=0。,manual_obligation_vs_evidence_scope
ZR-508,audit_review/2026-08-13_zijin_data_lake_remediation_plan/work_unit_registry.md,72,accepted,insufficient_evidence,未运行worker恢复/公平性/cost budget跨队列真实链；pure queue测试无法证明不饿死或无重复LLM。,manual_obligation_vs_evidence_scope
ZR-509,audit_review/2026-08-13_zijin_data_lake_remediation_plan/work_unit_registry.md,73,accepted,insufficient_evidence,错误title/entity页的拒绝与有效网页保存→索引→消费应分别有真实capture，不能凭URL200和hash证明；待受控当前旅程。,manual_obligation_vs_evidence_scope
ZR-510,audit_review/2026-08-13_zijin_data_lake_remediation_plan/work_unit_registry.md,74,accepted,insufficient_evidence,GP七份normalized/review/sections覆盖记录有效范围有限；原7/7表格/归属/检索precision-recall整套缺独立oracle，1安全拒绝不能假造summary。,manual_obligation_vs_evidence_scope
ZR-601,audit_review/2026-08-13_zijin_data_lake_remediation_plan/work_unit_registry.md,80,accepted,insufficient_evidence,AssetFact类别/alias碰撞合同需当前资料实际消费；helper测试不证明报告事实已抽取和用于预测。,manual_obligation_vs_evidence_scope
ZR-602,audit_review/2026-08-13_zijin_data_lake_remediation_plan/work_unit_registry.md,81,accepted,insufficient_evidence,resource/reserve/basis/measurement-date可登记，收入helper仍无单位/grade basis；跨模块桥尚未证明可阻止吨/千吨/百分数错配。,manual_obligation_vs_evidence_scope
ZR-603,audit_review/2026-08-13_zijin_data_lake_remediation_plan/work_unit_registry.md,82,accepted,insufficient_evidence,ownership时间轴与会计并表不是相同算子；fixture对Kamoa按权益求和不能证明合并外销收入。需控制权/关联交易/收购期间真实桥。,manual_obligation_vs_evidence_scope
ZR-604,audit_review/2026-08-13_zijin_data_lake_remediation_plan/work_unit_registry.md,83,accepted,insufficient_evidence,冲突schema不是实际双assertion提取/review闭环；Bisha/3Q/LCE原文冲突须保留并由经济oracle验证resolution。,manual_obligation_vs_evidence_scope
ZR-605,audit_review/2026-08-13_zijin_data_lake_remediation_plan/work_unit_registry.md,84,accepted,contradicted,原ADR单位/basis未编码到七字段；inf原review已发现且minor放行，今日probe仍接受。缺单位代数与有限性统一强门。,manual_obligation_vs_evidence_scope
ZR-606,audit_review/2026-08-13_zijin_data_lake_remediation_plan/work_unit_registry.md,85,accepted,contradicted,文档称TC/RC/premium按单位，当前helper直接减加标量；payability字段不参与计算。probe100×10-2=998。条款单位/范围欠定义，非外部市场信息问题。,manual_obligation_vs_evidence_scope
ZR-607,audit_review/2026-08-13_zijin_data_lake_remediation_plan/work_unit_registry.md,86,accepted,insufficient_evidence,权益法/控股/内部交易须匹配外部收入；helper链和权益加权不能自动替代gross/net及consolidation。缺真实逐矿到披露segment桥。,manual_obligation_vs_evidence_scope
ZR-608,audit_review/2026-08-13_zijin_data_lake_remediation_plan/work_unit_registry.md,87,accepted,supported_scoped,"reconciliation helper明确差额/gap并有限性验证；但reconcile(x,x)不能独立证明外部披露匹配。支持差额计算器，不支持来源真实性。",manual_obligation_vs_evidence_scope
ZR-609,audit_review/2026-08-13_zijin_data_lake_remediation_plan/work_unit_registry.md,88,accepted,insufficient_evidence,所谓第二矿企泛化主要合成helper，09-18紫金真实链仍无正式预测。缺至少两家异构真实公司完整输入及外销reconciliation。,manual_obligation_vs_evidence_scope
ZR-610,audit_review/2026-08-13_zijin_data_lake_remediation_plan/work_unit_registry.md,89,accepted,supported_scoped,会计ADR文档明确模型估计非披露事实；只是决策文档。当前helper实现未完整执行单位/并表义务，不能继承为产品合规。,manual_obligation_vs_evidence_scope
ZR-611,audit_review/2026-08-13_zijin_data_lake_remediation_plan/work_unit_registry.md,90,accepted,insufficient_evidence,通用多矿合成E2E不能认证真实预测；需要对每类单位/并表/内部销售错误独立oracle，部分错误已被当前helper探针揭示。,manual_obligation_vs_evidence_scope
ZR-701,audit_review/2026-08-13_zijin_data_lake_remediation_plan/work_unit_registry.md,96,accepted,contradicted,原单一schema真源被卡级改成draft/formal/queue；queue内存now=0且成功后enqueue。文档3.6与3.7旧说明仍在，原统一义务未自动完成。,manual_obligation_vs_evidence_scope
ZR-702,audit_review/2026-08-13_zijin_data_lake_remediation_plan/work_unit_registry.md,97,accepted,insufficient_evidence,模板能生成合法结构不等于有真实来源；09-18新版31模型骨架保留FIXME。需逐模型填写真实基期/claim后引擎闭环，不能模板自动出投资结论。,manual_obligation_vs_evidence_scope
ZR-703,audit_review/2026-08-13_zijin_data_lake_remediation_plan/work_unit_registry.md,98,accepted,insufficient_evidence,lint子集的诚实边界合理，但文档契约3.6残留/引用漂移已观测；需所有示例实际执行并与当前engine schema对齐。,manual_obligation_vs_evidence_scope
ZR-704,audit_review/2026-08-13_zijin_data_lake_remediation_plan/work_unit_registry.md,99,accepted,insufficient_evidence,validate-only零写须覆盖sign/register/network/subprocess全部入口；本轮未独立复跑完整zero-write fault矩阵，不能仅从命名pure认证。,manual_obligation_vs_evidence_scope
ZR-705,audit_review/2026-08-13_zijin_data_lake_remediation_plan/work_unit_registry.md,100,accepted,supported_scoped,CA302受控回归覆盖draft/formal/hash/replay/registry且本轮通过；支持合成publication流程，不支持外部来源或host信任真实性。,manual_obligation_vs_evidence_scope
ZR-706,audit_review/2026-08-13_zijin_data_lake_remediation_plan/work_unit_registry.md,101,accepted,contradicted,原source-preparation消费ProcessingDemand且失败保留receipt，执行卡缩为selector互斥/子集/provenance三测试；queue持久性/失败receipt未落实。,manual_obligation_vs_evidence_scope
ZR-707,audit_review/2026-08-13_zijin_data_lake_remediation_plan/work_unit_registry.md,102,accepted,insufficient_evidence,mixed recognition可分部表达不等于矿业gross/net组合正确；贸易presentation与真实控制权、不同币种需独立核算。,manual_obligation_vs_evidence_scope
ZR-708,audit_review/2026-08-13_zijin_data_lake_remediation_plan/work_unit_registry.md,103,accepted,insufficient_evidence,immutable snapshot基本资产可留；历史1.0accuracy已被4.1.0改为不计分，旧already_satisfied不能照搬为新完整证据。需版本固定回放。,manual_obligation_vs_evidence_scope
ZR-709,audit_review/2026-08-13_zijin_data_lake_remediation_plan/work_unit_registry.md,104,accepted,contradicted,测试反推出price=(net-other)/volume再用同公式相乘勾稽；假紫金source、fixture contract和same engine是合成链。无法证明真实研究从原文到参数和外销桥。,manual_obligation_vs_evidence_scope
ZR-710,audit_review/2026-08-13_zijin_data_lake_remediation_plan/work_unit_registry.md,105,accepted,contradicted,当前37项publication/attestation回归全绿，但隔离CLI输出写失败探针返回2、registry新增1条而output不存在（logs/publication_probe.*）；单文件tmp+fsync+replace支持原子性，不支持JSON/Markdown/registry整组事务。卡把恢复幂等改为重跑2条registry（每次1条），缺exactly-once/重启恢复。,manual_obligation_vs_evidence_scope
ZR-711,audit_review/2026-08-13_zijin_data_lake_remediation_plan/work_unit_registry.md,106,accepted,supported_scoped,converter明确只加operating_units=[]并可剥离回3.7；支持结构兼容，不证明operating_units数值实际驱动收入或完整并表语义。,manual_obligation_vs_evidence_scope
ZR-712,audit_review/2026-08-13_zijin_data_lake_remediation_plan/work_unit_registry.md,107,accepted,contradicted,helper声称wrong-record重算但仅检查非空record_sha，not-a-sha被接受；inf权重也通过。current主引擎另有验证，不能扩成formal漏洞结论。,manual_obligation_vs_evidence_scope
ZR-713,audit_review/2026-08-13_zijin_data_lake_remediation_plan/work_unit_registry.md,108,accepted,contradicted,mine-volume仅把actual operating units算saleable total，wape=None无预测-实际对比；窗口数可重复计数且缺真实历史origin。hash不同不证明三层独立回测。,manual_obligation_vs_evidence_scope
ZR-801,audit_review/2026-08-13_zijin_data_lake_remediation_plan/work_unit_registry.md,114,accepted,insufficient_evidence,197unique和ID家族存在只证明登记覆盖；不证明required tier结果齐全，卡明确禁止registry重建且只--help，不能承担终验。,manual_obligation_vs_evidence_scope
ZR-802,audit_review/2026-08-13_zijin_data_lake_remediation_plan/work_unit_registry.md,115,accepted,supported_scoped,T1五状态三进程和重复existing/partial形态是有效隔离资产；fake双root不覆盖生产adapter policy组合和真实审查处理可达性。,manual_obligation_vs_evidence_scope
ZR-803,audit_review/2026-08-13_zijin_data_lake_remediation_plan/work_unit_registry.md,116,accepted,insufficient_evidence,六故障分属多个不同入口，不能自动合成为同一事务恢复保证；需实际源准备→发布链中断后恢复及不可重复副作用oracle。,manual_obligation_vs_evidence_scope
ZR-804,audit_review/2026-08-13_zijin_data_lake_remediation_plan/work_unit_registry.md,117,accepted,insufficient_evidence,大小写/ASCII/显式root和--version不等于安装技能真实旅程；跨平台语法扫描不等于Linux行为。须当前安装副本与两OS入口复验。,manual_obligation_vs_evidence_scope
ZR-805,audit_review/2026-08-13_zijin_data_lake_remediation_plan/work_unit_registry.md,118,accepted,insufficient_evidence,旧三市场T3通过属于当时provider/config；09-18下载后入索引失败证明不可沿用，须新旧文档连续调用当前现场验收。,manual_obligation_vs_evidence_scope
ZR-806,audit_review/2026-08-13_zijin_data_lake_remediation_plan/work_unit_registry.md,119,accepted,insufficient_evidence,真实T2只读样本可能观察MISSING作为安全成功，不能说明消费者可完成预测；需root-only positive与明确业务ready率。,manual_obligation_vs_evidence_scope
ZR-901,audit_review/2026-08-13_zijin_data_lake_remediation_plan/work_unit_registry.md,125,accepted,insufficient_evidence,PR checks文件存在不等于三仓current-candidate实际运行；需要实际fanout matrix/失败传播/skip变化独立日志。,manual_obligation_vs_evidence_scope
ZR-902,audit_review/2026-08-13_zijin_data_lake_remediation_plan/work_unit_registry.md,126,accepted,insufficient_evidence,schedule纯逻辑/后GP任务触发为不同里程碑；需当前Windows Action/身份/环境与每天业务结果，而非注册命令存在。,manual_obligation_vs_evidence_scope
ZR-903,audit_review/2026-08-13_zijin_data_lake_remediation_plan/work_unit_registry.md,127,accepted,insufficient_evidence,weekly block语义正确不代表自然周期运行；上游403及最新报告须作为blocked而非pass，并证明发布门消费。,manual_obligation_vs_evidence_scope
ZR-904,audit_review/2026-08-13_zijin_data_lake_remediation_plan/work_unit_registry.md,128,accepted,insufficient_evidence,SLI字段存在不证明指标来自真消费或当前triplet；producer planned/events混同可污染指标，需独立计数对账。,manual_obligation_vs_evidence_scope
ZR-905,audit_review/2026-08-13_zijin_data_lake_remediation_plan/work_unit_registry.md,129,accepted,insufficient_evidence,审核机制自测原要求陈旧/缺样本/未schedule全release红；CA206测试自证和CA305存在性门说明不能依总测试绿认证。,manual_obligation_vs_evidence_scope
ZR-906,audit_review/2026-08-13_zijin_data_lake_remediation_plan/work_unit_registry.md,130,accepted,insufficient_evidence,hardcode grep零和ratchet不等于全泛化/债务降至目标；需逐关键函数复杂度、实际分支覆盖和不可达双实现清单。,manual_obligation_vs_evidence_scope
ZR-907,audit_review/2026-08-13_zijin_data_lake_remediation_plan/work_unit_registry.md,131,accepted,contradicted,SKILL主schema3.7而参考构建/compliance有3.6说明，当前docs/schema drift未全拦截；安装同步本轮4.1.0明确未执行。,manual_obligation_vs_evidence_scope
ZR-1001,audit_review/2026-08-13_zijin_data_lake_remediation_plan/work_unit_registry.md,137,accepted,insufficient_evidence,生产备份可读性/空间预算需实际restore而非元数据；本轮只读不执行恢复，缺当前生产副本完整性报告。,manual_obligation_vs_evidence_scope
ZR-1002,audit_review/2026-08-13_zijin_data_lake_remediation_plan/work_unit_registry.md,138,accepted,insufficient_evidence,Reader上线须有shadow/golden/SLO及回退路由；历史flag不能证明今日所有入口同链，待current entrypoint验证。,manual_obligation_vs_evidence_scope
ZR-1003,audit_review/2026-08-13_zijin_data_lake_remediation_plan/work_unit_registry.md,139,accepted,insufficient_evidence,两周期shadow差异全解释需自然完成窗口；当前scan策略与配置不合显示activation不能仅校验flag合法。,manual_obligation_vs_evidence_scope
ZR-1004,audit_review/2026-08-13_zijin_data_lake_remediation_plan/work_unit_registry.md,140,accepted,insufficient_evidence,cohort副本复用和外部root fingerprint不变不等于所有真实root-only消费成功；需原始三公司正向和回退结果。,manual_obligation_vs_evidence_scope
ZR-1005,audit_review/2026-08-13_zijin_data_lake_remediation_plan/work_unit_registry.md,141,accepted,insufficient_evidence,最小canary backfill不认证存量；09-18旧partial/schema缺失仍不可复用。保留不强绑策略，补受控迁移覆盖。,manual_obligation_vs_evidence_scope
ZR-1006,audit_review/2026-08-13_zijin_data_lake_remediation_plan/work_unit_registry.md,142,accepted,insufficient_evidence,七份cohort处理曾延期后GP推进；summary6/7安全拒绝与整套7/7原义务不同。必须按role拆状态并记拒绝可解释性。,manual_obligation_vs_evidence_scope
ZR-1007,audit_review/2026-08-13_zijin_data_lake_remediation_plan/work_unit_registry.md,143,accepted,insufficient_evidence,矿业shadow与旧模型比较需同真实信息集、外销桥和误差归因；合成volume×price同公式对齐不能替代。,manual_obligation_vs_evidence_scope
ZR-1008,audit_review/2026-08-13_zijin_data_lake_remediation_plan/work_unit_registry.md,144,accepted,insufficient_evidence,真实source/revenue cutover原要求consumer成功/rollback/观察期；09-18source阶段即阻断，当前完整链未验收。,manual_obligation_vs_evidence_scope
ZR-1009,audit_review/2026-08-13_zijin_data_lake_remediation_plan/work_unit_registry.md,145,accepted,insufficient_evidence,legacy删除与自然零hit观察在后GP分批处理；原accepted只是收口卡不能认证源码均消失/回滚已演练。,manual_obligation_vs_evidence_scope
ZR-1101,audit_review/2026-08-13_zijin_data_lake_remediation_plan/work_unit_registry.md,151,accepted,contradicted,机器completed与CA206真实时间未满、CA302真实旅程未执行并存；原不能误关known-gap的目标未兑现。,manual_obligation_vs_evidence_scope
ZR-1102,audit_review/2026-08-13_zijin_data_lake_remediation_plan/work_unit_registry.md,152,accepted,insufficient_evidence,独立审查身份存在不等于原目标检查；需要原始registry对比卡级criteria和实际entrypoint逐项证据，不接受仅复跑同一弱套件。,manual_obligation_vs_evidence_scope
ZR-1103,audit_review/2026-08-13_zijin_data_lake_remediation_plan/work_unit_registry.md,153,accepted,contradicted,真实用户旅程被CA302合成路径承接；目前三家公司0/3正式产出，无法支持原跨roots/provider/worker旅程全绿。,manual_obligation_vs_evidence_scope
ZR-1104,audit_review/2026-08-13_zijin_data_lake_remediation_plan/work_unit_registry.md,154,accepted,insufficient_evidence,连续7Daily/2Weekly/1Monthly/drill和真实rollback必须分事实核验；测试时钟及自然时间预估不属于所需证据。,manual_obligation_vs_evidence_scope
ZR-1105,audit_review/2026-08-13_zijin_data_lake_remediation_plan/work_unit_registry.md,155,accepted,contradicted,终局state accepted117/117只证明标签完结；CA305由文件存在和accepted反证无行为oracle，当前真实失败证明不能称六目标已实现。,manual_obligation_vs_evidence_scope
FC-000,audit_review/2026-08-09_full_completion_assurance_plan/work_unit_registry.md,17,see original dated registry,superseded,历史三HEAD/upstream/dirty/索引基线只对旧日期有效；本轮索引存在遗漏，不能继承健康。,independent_obligation_and_successor_sufficiency_review
FC-001,audit_review/2026-08-09_full_completion_assurance_plan/work_unit_registry.md,18,see original dated registry,superseded,旧生产统计和fingerprint是时间点证据；09-18真实源准备结果已经不同，需当前同口径分桶。,independent_obligation_and_successor_sufficiency_review
FC-002,audit_review/2026-08-09_full_completion_assurance_plan/work_unit_registry.md,19,see original dated registry,superseded,问题到scenario映射完整性是计划资产，不是所有问题关闭；后继CA004保留了71项。,independent_obligation_and_successor_sufficiency_review
FC-101,audit_review/2026-08-09_full_completion_assurance_plan/work_unit_registry.md,25,see original dated registry,superseded,ownership/N-1合同可保留；最新R4仍明示更广消费者兼容未全做，旧表不授权跨版本组合。,independent_obligation_and_successor_sufficiency_review
FC-102,audit_review/2026-08-09_full_completion_assurance_plan/work_unit_registry.md,26,see original dated registry,superseded,95登记与197后继登记均不等于原子场景执行；需collected node与实际业务oracle，不能以marker覆盖替代。,independent_obligation_and_successor_sufficiency_review
FC-103,audit_review/2026-08-09_full_completion_assurance_plan/work_unit_registry.md,27,see original dated registry,superseded,旧结构validator允许exit零文字转述；FC703 r2/r3实例清楚显示原始exit2被记录0，不能从schema通过推断命令全绿。,independent_obligation_and_successor_sufficiency_review
FC-104,audit_review/2026-08-09_full_completion_assurance_plan/work_unit_registry.md,28,see original dated registry,superseded,旧current manifest只绑定旧组合；后继CA201吸收卡禁止真正workflow改动，需当前候选三仓扇出实证。,independent_obligation_and_successor_sufficiency_review
FC-201,audit_review/2026-08-09_full_completion_assurance_plan/work_unit_registry.md,34,see original dated registry,superseded,CAS/flag非法组合为可保留机制；未重新执行本轮并发snapshot故障，不认证今日生产每入口接线。,independent_obligation_and_successor_sufficiency_review
FC-202,audit_review/2026-08-09_full_completion_assurance_plan/work_unit_registry.md,35,see original dated registry,superseded,SQL epoch/cohort条件有旧mutation证据；需现生产reader和RuntimeContext同请求追踪，旗标值本身不足。,independent_obligation_and_successor_sufficiency_review
FC-203,audit_review/2026-08-09_full_completion_assurance_plan/work_unit_registry.md,36,see original dated registry,superseded,preview/apply/rollback旧隔离演练有用；本轮未授权操作生产开关，不把旧受测事务当今日已部署。,independent_obligation_and_successor_sufficiency_review
FC-204,audit_review/2026-08-09_full_completion_assurance_plan/work_unit_registry.md,37,see original dated registry,superseded,旧16断言最小cohort属于限定T4；不能扩展到所有根或今日财报，需现cohort内容和回滚证据。,independent_obligation_and_successor_sufficiency_review
FC-205,audit_review/2026-08-09_full_completion_assurance_plan/work_unit_registry.md,38,see original dated registry,superseded,旧caller>=1架构门不足以排除未索引代码与平行活路径；当前CodeGraph漏符号，需完整入口清单。,independent_obligation_and_successor_sufficiency_review
FC-301,audit_review/2026-08-09_full_completion_assurance_plan/work_unit_registry.md,44,see original dated registry,superseded,RootPolicy2.x doctor合同是机制；09-18扫描报告v2 flag配1.x无adapter_id，说明生产配置未满足该能力前提。,independent_obligation_and_successor_sufficiency_review
FC-302,audit_review/2026-08-09_full_completion_assurance_plan/work_unit_registry.md,45,see original dated registry,superseded,三adapter具生产调用不意味着每root都路由正确；09-18company_raw v2 scan失败，需逐root运行配置证据。,independent_obligation_and_successor_sufficiency_review
FC-303,audit_review/2026-08-09_full_completion_assurance_plan/work_unit_registry.md,46,see original dated registry,superseded,frozen corpus parity只覆盖冻结集；不能证明生产root/版本漂移后的parity，需现存配置与已知bad差异清单。,independent_obligation_and_successor_sufficiency_review
FC-304,audit_review/2026-08-09_full_completion_assurance_plan/work_unit_registry.md,47,see original dated registry,superseded,future-root只改config成立范围是已注册同构adapter；不能外推到所有来源或生产1.x loader。,independent_obligation_and_successor_sufficiency_review
FC-305,audit_review/2026-08-09_full_completion_assurance_plan/work_unit_registry.md,48,see original dated registry,superseded,两轮shadow旧fingerprint是历史资产；需要当前部署窗口、未解释diff及可运行fallback，不能只检查旧文件。,independent_obligation_and_successor_sufficiency_review
FC-401,audit_review/2026-08-09_full_completion_assurance_plan/work_unit_registry.md,54,see original dated registry,superseded,迁移resume/idempotency隔离算法与实际全库迁移不同；缺当前源/产物分桶及资源上界演练。,independent_obligation_and_successor_sufficiency_review
FC-402,audit_review/2026-08-09_full_completion_assurance_plan/work_unit_registry.md,55,see original dated registry,superseded,四分桶守恒不等于分桶语义正确；应从真实原文独立核对identity/period/source绑定，不反推猜测。,independent_obligation_and_successor_sufficiency_review
FC-403,audit_review/2026-08-09_full_completion_assurance_plan/work_unit_registry.md,56,see original dated registry,superseded,proposal/approval分权机制不认证每一生产数据修复已获批准；按明确ID及immutable evidence逐批复查。,independent_obligation_and_successor_sufficiency_review
FC-404,audit_review/2026-08-09_full_completion_assurance_plan/work_unit_registry.md,57,see original dated registry,superseded,coverage ledger输入守恒仅证总数闭合；错误实体/期间可在守恒内，需独立内容oracle。,independent_obligation_and_successor_sufficiency_review
FC-405,audit_review/2026-08-09_full_completion_assurance_plan/work_unit_registry.md,58,see original dated registry,superseded,47-source恢复旧演练有价值；不证明当前schema大库恢复，需冻结当前副本/完整性/RTO。,independent_obligation_and_successor_sufficiency_review
FC-501,audit_review/2026-08-09_full_completion_assurance_plan/work_unit_registry.md,64,see original dated registry,superseded,旧跨根containment修复范围窄；09-18技能文档仍描述wiki-root内路径，当前RootPolicy和技能边界需统一。,independent_obligation_and_successor_sufficiency_review
FC-502,audit_review/2026-08-09_full_completion_assurance_plan/work_unit_registry.md,65,see original dated registry,superseded,FC1203保留evaluate_candidate时明确称未接线政策；旧production trace不能扩展到整个统一admission链。,independent_obligation_and_successor_sufficiency_review
FC-503,audit_review/2026-08-09_full_completion_assurance_plan/work_unit_registry.md,66,see original dated registry,superseded,只读候选分桶可为0且应诚实拒绝；不把某次真实root两轮结果当当前所有Dropbox文件可用。,independent_obligation_and_successor_sufficiency_review
FC-504,audit_review/2026-08-09_full_completion_assurance_plan/work_unit_registry.md,67,see original dated registry,superseded,历史用户明确放宽排他性，因此4canary注册只证明注册与非排他复用；不再冒称Dropbox-only成功。,independent_obligation_and_successor_sufficiency_review
FC-505,audit_review/2026-08-09_full_completion_assurance_plan/work_unit_registry.md,68,see original dated registry,superseded,选companies副本不能证明Dropbox-only；09-18仍无排他合格样本，需保持独立样本缺口。,independent_obligation_and_successor_sufficiency_review
FC-601,audit_review/2026-08-09_full_completion_assurance_plan/work_unit_registry.md,74,see original dated registry,superseded,旧company_raw CN/HK/US exact成功不覆盖当前缺文件下载后的scan；09-18后者失败不否定当时exact样本。,independent_obligation_and_successor_sufficiency_review
FC-602,audit_review/2026-08-09_full_completion_assurance_plan/work_unit_registry.md,75,see original dated registry,superseded,历史dayu-only2样本曾验收；当前identity/policy/消费者端到端的等价仍需同HEAD证据，不能用wiki resolver单层证明。,independent_obligation_and_successor_sufficiency_review
FC-603,audit_review/2026-08-09_full_completion_assurance_plan/work_unit_registry.md,76,see original dated registry,superseded,扫描顺序和稳定ranking局部测试不证明当前所有location hash正确；应绑定本次根集合和选择理由。,independent_obligation_and_successor_sufficiency_review
FC-604,audit_review/2026-08-09_full_completion_assurance_plan/work_unit_registry.md,77,see original dated registry,superseded,同请求三根矩阵需要一路到source-preparation；旧resolver级成功与当前filing/path fence一致性分开。,independent_obligation_and_successor_sufficiency_review
FC-701,audit_review/2026-08-09_full_completion_assurance_plan/work_unit_registry.md,83,see original dated registry,superseded,normalized-only与legacy caller0为旧目标；当前完整索引不可靠，需枚举所有只读生产入口而非只查符号名。,independent_obligation_and_successor_sufficiency_review
FC-702,audit_review/2026-08-09_full_completion_assurance_plan/work_unit_registry.md,84,see original dated registry,superseded,强实体/市场/前导零拒绝是应保留护栏；当前不同名称/证券组合需从用户输入贯穿消费者的负例。,independent_obligation_and_successor_sufficiency_review
FC-703,audit_review/2026-08-09_full_completion_assurance_plan/work_unit_registry.md,85,see original dated registry,superseded,r1弱SQL断言被真正独立mutation揭露且r2修好，属于有效审计；r3把raw exit2写0暴露receipt语义缺陷。旧23k性能不等于今日49GB所有请求SLO。,independent_obligation_and_successor_sufficiency_review
FC-704,audit_review/2026-08-09_full_completion_assurance_plan/work_unit_registry.md,86,see original dated registry,superseded,journal权威download事件当前source_preparation仍读取；可信包络支持仅限成功返回路径，错误截断/失败无reuse receipt仍缺。,independent_obligation_and_successor_sufficiency_review
FC-705,audit_review/2026-08-09_full_completion_assurance_plan/work_unit_registry.md,87,see original dated registry,superseded,r1关闭门永不可达被r2completed-window修好，不报旧bug仍在；r2现场bridge hits6说明观测机制通过并非自然零hit退役窗口通过。,independent_obligation_and_successor_sufficiency_review
FC-801,audit_review/2026-08-09_full_completion_assurance_plan/work_unit_registry.md,93,see original dated registry,superseded,旧事务guard有效但reviewer已记request_id分叉会静默download_events0却未阻断；须当前跨进程关联ID负例，不能沿用测试约定代替运行强制。,independent_obligation_and_successor_sufficiency_review
FC-802,audit_review/2026-08-09_full_completion_assurance_plan/work_unit_registry.md,94,see original dated registry,superseded,r2死回归测试曾被独立审查拒绝，r3确认收集和精准kill；这是有效修复。后继latest/freshness语义依然必须独立覆盖，09-18失败不是该旧测试放置bug回归。,independent_obligation_and_successor_sufficiency_review
FC-803,audit_review/2026-08-09_full_completion_assurance_plan/work_unit_registry.md,95,see original dated registry,superseded,真实三进程spy链证明隔离候选binding/二次零fetch；provider是合成，不能认证当前CN/HK/US服务与生产配置。,independent_obligation_and_successor_sufficiency_review
FC-804,audit_review/2026-08-09_full_completion_assurance_plan/work_unit_registry.md,96,see original dated registry,superseded,两线程锁和retry局部有实证；旧CG-C4顺序执行并未形成contended场景。现跨进程/多gap/amendment与structured retry传播需另证。,independent_obligation_and_successor_sufficiency_review
FC-805,audit_review/2026-08-09_full_completion_assurance_plan/work_unit_registry.md,97,see original dated registry,superseded,reviewer报告独立复跑CN，registry总结三市场3/3可含实施者证据；分清独立复核覆盖。09-18CN403是新provider状态，HK/US扫描失败是当前部署链。,independent_obligation_and_successor_sufficiency_review
FC-901,audit_review/2026-08-09_full_completion_assurance_plan/work_unit_registry.md,103,see original dated registry,superseded,11tests证明分桶工具与shadow apply；其初次真实7718条全部legacy_unbound，说明工具PASS从未代表存量绑定成功。,independent_obligation_and_successor_sufficiency_review
FC-902,audit_review/2026-08-09_full_completion_assurance_plan/work_unit_registry.md,104,see original dated registry,superseded,bundle调用边存在仍曾在906-d发现列stamp和derived-root两处生产缺口；这证明fixture与真实producer契约未配对，而非bundle概念不存在。,independent_obligation_and_successor_sufficiency_review
FC-903,audit_review/2026-08-09_full_completion_assurance_plan/work_unit_registry.md,105,see original dated registry,superseded,转发合同字段可保留；当前未知版本策略和N-1消费者组合以最新R4/当前实现为准，旧9测试不能无限继承。,independent_obligation_and_successor_sufficiency_review
FC-904,audit_review/2026-08-09_full_completion_assurance_plan/work_unit_registry.md,106,see original dated registry,superseded,本轮11tests复跑通过，但mock subprocess/buildrecord，只证selector与最小DAG计划；producer_events是缺失角色列表，不是producer执行。,independent_obligation_and_successor_sufficiency_review
FC-905,audit_review/2026-08-09_full_completion_assurance_plan/work_unit_registry.md,107,see original dated registry,superseded,当前not_reviewed确实阻断，符合fail-closed；905-a合同称新review CLI或helper，但独立报告承认writer零生产caller却accepted，解释当前安全门无可用完成路径。,independent_obligation_and_successor_sufficiency_review
FC-906,audit_review/2026-08-09_full_completion_assurance_plan/work_unit_registry.md,108,see original dated registry,superseded,真实29v2/15receipt是小cohort；906-a metadata-only曾被906-d补列，canary成果不能覆盖7718遗留或新公司。rollback文档按时间删除行还需精确ID化才能安全执行。,independent_obligation_and_successor_sufficiency_review
FC-1001,audit_review/2026-08-09_full_completion_assurance_plan/work_unit_registry.md,114,see original dated registry,superseded,隔离三根fixture可保留，合成bytes/hash确定性不代表真实财报可读性/章节/期间正确。,independent_obligation_and_successor_sufficiency_review
FC-1002,audit_review/2026-08-09_full_completion_assurance_plan/work_unit_registry.md,115,see original dated registry,superseded,三进程确实比helper测试强，但所有数据预置review/binding；无法检测生产缺review、1.x配置与v2flag组合。,independent_obligation_and_successor_sufficiency_review
FC-1003,audit_review/2026-08-09_full_completion_assurance_plan/work_unit_registry.md,116,see original dated registry,superseded,87covered+14deferred并非95场景全部已执行；应逐条required tier/skip/defer保留，不把required gaps0当全行为通过。,independent_obligation_and_successor_sufficiency_review
FC-1004,audit_review/2026-08-09_full_completion_assurance_plan/work_unit_registry.md,117,see original dated registry,superseded,安装态/中文路径/Linux需当前副本与真实依赖版本；未重新运行不能从旧accepted恢复今日平台声明。,independent_obligation_and_successor_sufficiency_review
FC-1005,audit_review/2026-08-09_full_completion_assurance_plan/work_unit_registry.md,118,see original dated registry,superseded,"八类mutation各一个kill只证明已定义攻击；本轮future same-time soak与reconcile(x,x)不在原攻击集，需独立oracle补齐。",independent_obligation_and_successor_sufficiency_review
FC-1101,audit_review/2026-08-09_full_completion_assurance_plan/work_unit_registry.md,124,see original dated registry,superseded,旧manifest驱动CI是资产；后继CA201吸收卡与当前三仓精确候选触发证明不同，不以状态计数担保接线。,independent_obligation_and_successor_sufficiency_review
FC-1102,audit_review/2026-08-09_full_completion_assurance_plan/work_unit_registry.md,125,see original dated registry,superseded,旧Daily一次手动执行明确scan error212恶化；9月后自然机制已修，不重复旧未部署结论；当前需最新自然账本验证数据质量达标。,independent_obligation_and_successor_sufficiency_review
FC-1103,audit_review/2026-08-09_full_completion_assurance_plan/work_unit_registry.md,126,see original dated registry,superseded,旧Weekly真实3市场有限时间成功与持续调度不同；9/8后skip门/weekly参数修复要保留，当前provider失败需非绿。,independent_obligation_and_successor_sufficiency_review
FC-1104,audit_review/2026-08-09_full_completion_assurance_plan/work_unit_registry.md,127,see original dated registry,superseded,dashboard/ledger新鲜度机器门不等于告警投递被确认；需现scheduler报告到release同一工件/ack证据。,independent_obligation_and_successor_sufficiency_review
FC-1105,audit_review/2026-08-09_full_completion_assurance_plan/work_unit_registry.md,128,see original dated registry,superseded,旧故障注入证明固定异常类，不能自动证明整个持续soak；后续自然时间修复与尚未满窗口分开判。,independent_obligation_and_successor_sufficiency_review
FC-1201,audit_review/2026-08-09_full_completion_assurance_plan/work_unit_registry.md,134,see original dated registry,superseded,有用户批准InterpretationA：注释清理+allowlist棘轮有效，canonical writer/cli/7scanner分支明确延后；不应把该accepted翻译为hardcode清零。,independent_obligation_and_successor_sufficiency_review
FC-1202,audit_review/2026-08-09_full_completion_assurance_plan/work_unit_registry.md,135,see original dated registry,superseded,doctor和重复allowlist处置资产须以本次同一policy贯穿为准；当前技能路径描述与实现不一致仍需收敛。,independent_obligation_and_successor_sufficiency_review
FC-1203,audit_review/2026-08-09_full_completion_assurance_plan/work_unit_registry.md,136,see original dated registry,superseded,删死符号与extractive注册有细粒度RED/kill证据；明确保留未接线admission供发布，不等于架构全部收敛。,independent_obligation_and_successor_sufficiency_review
FC-1204,audit_review/2026-08-09_full_completion_assurance_plan/work_unit_registry.md,137,see original dated registry,superseded,覆盖/type/CC棘轮是防恶化目标，不能声称技术债已下降；需当前baseline差分、排除表和重要分支覆盖。,independent_obligation_and_successor_sufficiency_review
FC-1205,audit_review/2026-08-09_full_completion_assurance_plan/work_unit_registry.md,138,see original dated registry,superseded,统一错误与UTF8早期修复不应泛化；现source_preparation非零只取stderr尾800字符丢结构证据，仍存在跨层诊断缺口。,independent_obligation_and_successor_sufficiency_review
FC-1301,audit_review/2026-08-09_full_completion_assurance_plan/work_unit_registry.md,144,see original dated registry,superseded,原registry竟有自依赖FC1301链，后继CA101处理DAG；taxonomy枚举仍不确保跨层原始阶段/可重试透传。,independent_obligation_and_successor_sufficiency_review
FC-1302,audit_review/2026-08-09_full_completion_assurance_plan/work_unit_registry.md,145,see original dated registry,superseded,增量scan-health历史样本不代表今日健康；09-18scan completed_with_errors且seen0应阻断流程而不是只在深层stderr。,independent_obligation_and_successor_sufficiency_review
FC-1303,audit_review/2026-08-09_full_completion_assurance_plan/work_unit_registry.md,146,see original dated registry,superseded,旧框架可留，但latest/RSS代理不等于完整用户请求真实p95/p99；缺现有负载、缓存冷热与锁等待度量。,independent_obligation_and_successor_sufficiency_review
FC-1304,audit_review/2026-08-09_full_completion_assurance_plan/work_unit_registry.md,147,see original dated registry,superseded,容量并发恢复均需当前完整链与自然窗口；不把少量固定case推演成持续稳定。,independent_obligation_and_successor_sufficiency_review
FC-1501,audit_review/2026-08-09_full_completion_assurance_plan/work_unit_registry.md,153,see original dated registry,superseded,原pending，从未有该旧版本总关闭；后继CA107/108/109 accepted不能补写历史完成。,independent_obligation_and_successor_sufficiency_review
FC-1502,audit_review/2026-08-09_full_completion_assurance_plan/work_unit_registry.md,154,see original dated registry,superseded,原独立最终审查pending；CA301后继明确未三干净checkout全重放，原义务尚无等价证据。,independent_obligation_and_successor_sufficiency_review
FC-1503,audit_review/2026-08-09_full_completion_assurance_plan/work_unit_registry.md,155,see original dated registry,superseded,原真实三根三市场用户旅程pending；CA302合成fixture缩范围，09-18真实0/3正式结果给出当前差距。,independent_obligation_and_successor_sufficiency_review
FC-1504,audit_review/2026-08-09_full_completion_assurance_plan/work_unit_registry.md,156,see original dated registry,superseded,原自然窗口pending；后继CA206纯函数不等价，9月部署修复后仍须原始ledger实际满足窗口，不能用预计日期。,independent_obligation_and_successor_sufficiency_review
FC-1505,audit_review/2026-08-09_full_completion_assurance_plan/work_unit_registry.md,157,see original dated registry,superseded,原六目标finalledgerpending；CA305只验状态文件等循环完成证据，不构成六个业务结果oracle。,independent_obligation_and_successor_sufficiency_review
WU-101,audit_review/2026-08-09_data_lake_refactor_plan/task_plan.md,222,see original dated registry,superseded,当前triplet/config/安装态必须重冻，旧基线仅历史；collection与dirty保护不能证明业务成功。,independent_obligation_and_successor_sufficiency_review
WU-102,audit_review/2026-08-09_data_lake_refactor_plan/task_plan.md,241,see original dated registry,superseded,后继IsolatedLake实现合成三根资产；与真实生产配置/安全review/缺文档分支的差异需独立矩阵。,independent_obligation_and_successor_sufficiency_review
WU-103,audit_review/2026-08-09_data_lake_refactor_plan/task_plan.md,264,see original dated registry,superseded,forbidden-claim应比较原始义务与执行卡；CA206/302缩范围说明仅卡片完整性门未达此目标。,independent_obligation_and_successor_sufficiency_review
WU-104,audit_review/2026-08-09_data_lake_refactor_plan/task_plan.md,276,see original dated registry,superseded,golden需标known_bad，现无本轮完整v1全trace对照；不能把旧错误行为固定成正确oracle。,independent_obligation_and_successor_sufficiency_review
WU-201,audit_review/2026-08-09_data_lake_refactor_plan/task_plan.md,309,see original dated registry,superseded,职责边界继续有价值；source-preparation目前只有准备与DAG计划，没有自动满足producer调用义务。,independent_obligation_and_successor_sufficiency_review
WU-202,audit_review/2026-08-09_data_lake_refactor_plan/task_plan.md,329,see original dated registry,superseded,字段强身份与证据合同需实际producer/consumer配对；906a/d元数据列错位是已知历史反例。,independent_obligation_and_successor_sufficiency_review
WU-203,audit_review/2026-08-09_data_lake_refactor_plan/task_plan.md,355,see original dated registry,superseded,exact/latest/revision/授权为不同命题；FC803spy不涵盖今日下载后v2scanner失败。,independent_obligation_and_successor_sufficiency_review
WU-204,audit_review/2026-08-09_data_lake_refactor_plan/task_plan.md,368,see original dated registry,superseded,五角色并非均有catalog producer，906b用户批准角色适用性；consumer_analysis须单独消费方生产owner。,independent_obligation_and_successor_sufficiency_review
WU-205,audit_review/2026-08-09_data_lake_refactor_plan/task_plan.md,388,see original dated registry,superseded,caller>=1不足完整架构；当前CodeGraph漏磁盘符号，需完整索引覆盖和运行入口双证。,independent_obligation_and_successor_sufficiency_review
WU-301,audit_review/2026-08-09_data_lake_refactor_plan/task_plan.md,417,see original dated registry,superseded,RootPolicy全部字段须与生产loader共同验证；09-18adapter_id缺失显示目标schema不能仅在fixture成立。,independent_obligation_and_successor_sufficiency_review
WU-302,audit_review/2026-08-09_data_lake_refactor_plan/task_plan.md,444,see original dated registry,superseded,config-only限定已注册同构layout；未知layout必须拒绝，此边界不应宣传为任意root自动支持。,independent_obligation_and_successor_sufficiency_review
WU-303,audit_review/2026-08-09_data_lake_refactor_plan/task_plan.md,453,see original dated registry,superseded,单一policy快照未由各consumer文档一致表达；需当前安装skill、配置和CLI实际同请求hash。,independent_obligation_and_successor_sufficiency_review
WU-304,audit_review/2026-08-09_data_lake_refactor_plan/task_plan.md,464,see original dated registry,superseded,flag独立存在不证明旗标已接线；生产v2flag与1.xconfig混搭需预检互锁。,independent_obligation_and_successor_sufficiency_review
WU-305,audit_review/2026-08-09_data_lake_refactor_plan/task_plan.md,470,see original dated registry,superseded,原子snapshot/breaker需从请求进程观察，不以状态机单测替代热加载/告警现场。,independent_obligation_and_successor_sufficiency_review
WU-400,audit_review/2026-08-09_data_lake_refactor_plan/task_plan.md,490,see original dated registry,superseded,唯一assertionowner是设计不变量；需当前schema/migration/旧reader共同验证，旧DDL存在不算当前可读。,independent_obligation_and_successor_sufficiency_review
WU-401,audit_review/2026-08-09_data_lake_refactor_plan/task_plan.md,504,see original dated registry,superseded,canonical语义hash应排除路径而绑定事实；已保存旧合同但缺所有当前adapter字段的roundtrip实证。,independent_obligation_and_successor_sufficiency_review
WU-402,audit_review/2026-08-09_data_lake_refactor_plan/task_plan.md,515,see original dated registry,superseded,跨source/location/document/assertion事务需每故障点测试；本轮未运行生产writer，保持证据不足。,independent_obligation_and_successor_sufficiency_review
WU-403,audit_review/2026-08-09_data_lake_refactor_plan/task_plan.md,526,see original dated registry,superseded,URL必须逐document强键绑定；根名/公司名匹配不能作为事实修复，原问题归后继admission审查。,independent_obligation_and_successor_sufficiency_review
WU-404,audit_review/2026-08-09_data_lake_refactor_plan/task_plan.md,534,see original dated registry,superseded,legacybridge可回退与天然零hit是不同验收；旧FC705r2有bridge6，不应宣称退役完成。,independent_obligation_and_successor_sufficiency_review
WU-500,audit_review/2026-08-09_data_lake_refactor_plan/task_plan.md,553,see original dated registry,superseded,零行为seam和后续功能修复分开；只读旧trace历史有效，不能重新认定当前默认链仍等价。,independent_obligation_and_successor_sufficiency_review
WU-501,audit_review/2026-08-09_data_lake_refactor_plan/task_plan.md,573,see original dated registry,superseded,通用五段流水线必须真实scanner调用；1.xloader阻塞说明分层代码有了并不等于默认生产工作。,independent_obligation_and_successor_sufficiency_review
WU-502,audit_review/2026-08-09_data_lake_refactor_plan/task_plan.md,594,see original dated registry,superseded,相同conformance套件要覆盖坏编码/TOCTOU/单文件容错；后续R4文件normalize批次中断保留待验证项。,independent_obligation_and_successor_sufficiency_review
WU-503,audit_review/2026-08-09_data_lake_refactor_plan/task_plan.md,613,see original dated registry,superseded,admission同候选换root结果不变需真实强身份oracle；evaluate_candidate曾保留未接线不能算统一入口。,independent_obligation_and_successor_sufficiency_review
WU-601,audit_review/2026-08-09_data_lake_refactor_plan/task_plan.md,634,see original dated registry,superseded,company_raw同构迁移保留旧有效样本不覆盖下载后重新扫描；两者需分别验收。,independent_obligation_and_successor_sufficiency_review
WU-602,audit_review/2026-08-09_data_lake_refactor_plan/task_plan.md,645,see original dated registry,superseded,dayu弱/强identity及跨periodURL绑定须保持，当前独有location生产消费者证据不足。,independent_obligation_and_successor_sufficiency_review
WU-603,audit_review/2026-08-09_data_lake_refactor_plan/task_plan.md,654,see original dated registry,superseded,parity允许修坏行为差异但必须有RED；无当前全frozen+真实分层diff不可认证。,independent_obligation_and_successor_sufficiency_review
WU-604,audit_review/2026-08-09_data_lake_refactor_plan/task_plan.md,663,see original dated registry,superseded,逐rootcohort顺序及每次review/soak是部署义务，accepted adapter测试不能代替。,independent_obligation_and_successor_sufficiency_review
WU-701,audit_review/2026-08-09_data_lake_refactor_plan/task_plan.md,698,see original dated registry,superseded,sidecar完整才可复用；缺字段应indexed_only，不能把拒绝当bug或自动猜测补齐。,independent_obligation_and_successor_sufficiency_review
WU-702,audit_review/2026-08-09_data_lake_refactor_plan/task_plan.md,711,see original dated registry,superseded,focus字面迁配置是明确原目标；FC1201允许界定延期，不得将棘轮通过写作已清零。,independent_obligation_and_successor_sufficiency_review
WU-703,audit_review/2026-08-09_data_lake_refactor_plan/task_plan.md,720,see original dated registry,superseded,强证券身份与新公司无companies目录是不同负例；合成紫金文档跨公司无法覆盖。,independent_obligation_and_successor_sufficiency_review
WU-704,audit_review/2026-08-09_data_lake_refactor_plan/task_plan.md,730,see original dated registry,superseded,14个Dropbox场景独立保留，排他真实样本后来获用户放宽不改变fixture全部行为义务。,independent_obligation_and_successor_sufficiency_review
WU-801,audit_review/2026-08-09_data_lake_refactor_plan/task_plan.md,759,see original dated registry,superseded,SQLpushdown旧弱断言由FC703纠正；应保持WHERE内实义验证，而非名字子串。,independent_obligation_and_successor_sufficiency_review
WU-802,audit_review/2026-08-09_data_lake_refactor_plan/task_plan.md,768,see original dated registry,superseded,多location必须逐个存在/hash/policy过滤；选择companies重复件不能证明外部独有根。,independent_obligation_and_successor_sufficiency_review
WU-803,audit_review/2026-08-09_data_lake_refactor_plan/task_plan.md,780,see original dated registry,superseded,同一snapshot bundle仍须producer真实列/路径匹配；906d曾发现两个生产缺口。,independent_obligation_and_successor_sufficiency_review
WU-804,audit_review/2026-08-09_data_lake_refactor_plan/task_plan.md,788,see original dated registry,superseded,旧shadowdiff只对样本成立；需当前candidate/selected/reason差异，不能只看成功率。,independent_obligation_and_successor_sufficiency_review
WU-805,audit_review/2026-08-09_data_lake_refactor_plan/task_plan.md,797,see original dated registry,superseded,100k/1m规模与300/750ms/256MB原阈值保留；旧23k查询延迟不是等价规模证明。,independent_obligation_and_successor_sufficiency_review
WU-806,audit_review/2026-08-09_data_lake_refactor_plan/task_plan.md,807,see original dated registry,superseded,active失败应failclosed且下一请求回退，不能同请求静默v1；缺当前负例逐cohort记录。,independent_obligation_and_successor_sufficiency_review
WU-901,audit_review/2026-08-09_data_lake_refactor_plan/task_plan.md,830,see original dated registry,superseded,默认dryrun及resume绑定机制可保留；当前完整库故障恢复证据需新snapshot，不运行生产迁移。,independent_obligation_and_successor_sufficiency_review
WU-902,audit_review/2026-08-09_data_lake_refactor_plan/task_plan.md,842,see original dated registry,superseded,存量强绑定与输入守恒需独立实体/period检查；7718unbound不能为了指标强绑。,independent_obligation_and_successor_sufficiency_review
WU-903,audit_review/2026-08-09_data_lake_refactor_plan/task_plan.md,851,see original dated registry,superseded,Dropbox遗留保持retired/indexed_only是正确护栏；不能以canary需求自动写sidecar。,independent_obligation_and_successor_sufficiency_review
WU-904,audit_review/2026-08-09_data_lake_refactor_plan/task_plan.md,860,see original dated registry,superseded,restore需精确ID/字节/evidence/批准；FC906c按created_at时间删除回滚方案不能作为通用安全实现。,independent_obligation_and_successor_sufficiency_review
WU-905,audit_review/2026-08-09_data_lake_refactor_plan/task_plan.md,874,see original dated registry,superseded,catalog切换原目标含exact/latest/bundle/worker；局部reader绿无法代表全六步上线。,independent_obligation_and_successor_sufficiency_review
WU-906,audit_review/2026-08-09_data_lake_refactor_plan/task_plan.md,888,see original dated registry,superseded,两份独立副本ABCDE恢复路径与RTO原义务未获本轮新证；不操作生产库。,independent_obligation_and_successor_sufficiency_review
WU-1000,audit_review/2026-08-09_data_lake_refactor_plan/task_plan.md,912,see original dated registry,superseded,真实source_preparation入口存在，但源准备不是正式预测；当前0/3链阻断未进入引擎。,independent_obligation_and_successor_sufficiency_review
WU-1001,audit_review/2026-08-09_data_lake_refactor_plan/task_plan.md,928,see original dated registry,superseded,原子SourceBundle输出应区分stdout协议/阶段错误；当前上层stderr截断丢机器结构。,independent_obligation_and_successor_sufficiency_review
WU-1002,audit_review/2026-08-09_data_lake_refactor_plan/task_plan.md,938,see original dated registry,superseded,filing保真与policy/path/hash适用边界须随最新R4版本矩阵复核，不能继承所有旧兼容宣称。,independent_obligation_and_successor_sufficiency_review
WU-1003,audit_review/2026-08-09_data_lake_refactor_plan/task_plan.md,948,see original dated registry,superseded,原要求失效角色调用producer；当前只返回DAG角色列表，ProcessingDemand在成功后内存enqueue，缺真worker闭环。,independent_obligation_and_successor_sufficiency_review
WU-1004,audit_review/2026-08-09_data_lake_refactor_plan/task_plan.md,958,see original dated registry,superseded,可执行文档与实际source-preparation应同步安装副本；文档更新不能先宣称全链闭合。,independent_obligation_and_successor_sufficiency_review
WU-1005,audit_review/2026-08-09_data_lake_refactor_plan/task_plan.md,967,see original dated registry,superseded,逐consumer协议发布与回退是独立部署步骤；版本字段存在不是N/N-1所有方向测试。,independent_obligation_and_successor_sufficiency_review
WU-1101,audit_review/2026-08-09_data_lake_refactor_plan/task_plan.md,993,see original dated registry,superseded,missing/incorrect/unwired要分别登记；latest最新期和更正版、部分覆盖不能合并一例。,independent_obligation_and_successor_sufficiency_review
WU-1102,audit_review/2026-08-09_data_lake_refactor_plan/task_plan.md,1001,see original dated registry,superseded,exact复用旧财报下载0可由09-18紫金两次支持；parser/LLM/审查门未达正式可用仍需区分。,independent_obligation_and_successor_sufficiency_review
WU-1103,audit_review/2026-08-09_data_lake_refactor_plan/task_plan.md,1011,see original dated registry,superseded,多rootcoverage与amendment action必须真实分层测；单FY合成spy不足以覆盖。,independent_obligation_and_successor_sufficiency_review
WU-1104,audit_review/2026-08-09_data_lake_refactor_plan/task_plan.md,1023,see original dated registry,superseded,下载raw落地并非成功；09-18HK/US下载后scan/resolve失败直接暴露原capture后二次resolve义务。,independent_obligation_and_successor_sufficiency_review
WU-1105,audit_review/2026-08-09_data_lake_refactor_plan/task_plan.md,1035,see original dated registry,superseded,跨FY/跨root旧artifact保存+新producer+二次零动作仍需完整真实旅程，不能拿两个单例相加。,independent_obligation_and_successor_sufficiency_review
WU-1201,audit_review/2026-08-09_data_lake_refactor_plan/task_plan.md,1190,see original dated registry,superseded,真实三进程harness有价值，但fixture自带review/完整schema必须另加未经修饰生产配置场景。,independent_obligation_and_successor_sufficiency_review
WU-1202,audit_review/2026-08-09_data_lake_refactor_plan/task_plan.md,1200,see original dated registry,superseded,原文明确前四层不得替代跨仓E2E；FC/CA后继过度汇总是此原义务未保留。,independent_obligation_and_successor_sufficiency_review
WU-1301,audit_review/2026-08-09_data_lake_refactor_plan/task_plan.md,1220,see original dated registry,superseded,真实root不变探针是授权边界，完整/抽样级别须明确；库WAL背景变化不能简单归被测读操作。,independent_obligation_and_successor_sufficiency_review
WU-1302,audit_review/2026-08-09_data_lake_refactor_plan/task_plan.md,1237,see original dated registry,superseded,只读discovery无合格样本0允许；同时明确不等于真实复用完成，原要求应保留。,independent_obligation_and_successor_sufficiency_review
WU-1303,audit_review/2026-08-09_data_lake_refactor_plan/task_plan.md,1250,see original dated registry,superseded,Dropbox-only无样本必须blocked；FC504后用户放宽是批准scope变更而非假造排他成功。,independent_obligation_and_successor_sufficiency_review
WU-1304,audit_review/2026-08-09_data_lake_refactor_plan/task_plan.md,1269,see original dated registry,superseded,真实MD+summary与复制库失效计划尚不同于一个normalized工件T2；按角色分开。,independent_obligation_and_successor_sufficiency_review
WU-1305,audit_review/2026-08-09_data_lake_refactor_plan/task_plan.md,1279,see original dated registry,superseded,taxonomy枚举需跨层一致，现错误尾截断和retryable丢失不支持全trace完整。,independent_obligation_and_successor_sufficiency_review
WU-1306,audit_review/2026-08-09_data_lake_refactor_plan/task_plan.md,1294,see original dated registry,superseded,10并发/24hsoak/缓存稳定/无僵尸各需独立数据；CA206测试文件纯函数完全不等价。,independent_obligation_and_successor_sufficiency_review
WU-1401,audit_review/2026-08-09_data_lake_refactor_plan/task_plan.md,1310,see original dated registry,superseded,精确三仓commitmatrix与安装路径不能依赖本机sibling偶然布局；旧worktree失败曾靠junction修复。,independent_obligation_and_successor_sufficiency_review
WU-1402,audit_review/2026-08-09_data_lake_refactor_plan/task_plan.md,1332,see original dated registry,superseded,12定向mutation只覆盖预先定义攻击，需增加生产配置与无review完成路径oracle，不以kill数字替代。,independent_obligation_and_successor_sufficiency_review
WU-1403,audit_review/2026-08-09_data_lake_refactor_plan/task_plan.md,1353,see original dated registry,superseded,逐波go/no-go是发布过程；仓库代码完成不会自动触发生产配置迁移。,independent_obligation_and_successor_sufficiency_review
WU-1404,audit_review/2026-08-09_data_lake_refactor_plan/task_plan.md,1371,see original dated registry,superseded,五种rollback分开证；错误后缺结构阶段让用户无法选择正确修复路径。,independent_obligation_and_successor_sufficiency_review
WU-1405,audit_review/2026-08-09_data_lake_refactor_plan/task_plan.md,1383,see original dated registry,superseded,任一commit变化manifest应失效；现117accepted冻结旧triplet，不能作为今日保证。,independent_obligation_and_successor_sufficiency_review
WU-1406,audit_review/2026-08-09_data_lake_refactor_plan/task_plan.md,1389,see original dated registry,superseded,机器state与原始业务验收要同义；CA305只查accepted会循环证明已缩范围义务。,independent_obligation_and_successor_sufficiency_review
WU-1500,audit_review/2026-08-09_data_lake_refactor_plan/task_plan.md,1410,see original dated registry,superseded,旧实现可用与两个自然零hit窗口同时成立才退役；旧观测计算器测试不满足。,independent_obligation_and_successor_sufficiency_review
WU-1501,audit_review/2026-08-09_data_lake_refactor_plan/task_plan.md,1420,see original dated registry,superseded,hardcode清理需逐批可回滚和真实caller0，当前索引漏符号使零结果不能当完整性证明。,independent_obligation_and_successor_sufficiency_review
WU-1502,audit_review/2026-08-09_data_lake_refactor_plan/task_plan.md,1436,see original dated registry,superseded,保留历史raw并明确N-1窗口是正确目标，删除后继不能代替历史数据可读恢复验证。,independent_obligation_and_successor_sufficiency_review
WU-1503,audit_review/2026-08-09_data_lake_refactor_plan/task_plan.md,1446,see original dated registry,superseded,三SKILL/README/help/样例/安装态一致性需现版本证据；09-18仍发现3.6/3.7文字漂移。,independent_obligation_and_successor_sufficiency_review
WU-1504,audit_review/2026-08-09_data_lake_refactor_plan/task_plan.md,1458,see original dated registry,superseded,独立复审确实曾抓FC703/705/802问题；范围冻结和跨层审查需要加强，不能否认所有独立评审无效。,independent_obligation_and_successor_sufficiency_review
WU-1505,audit_review/2026-08-09_data_lake_refactor_plan/task_plan.md,1475,see original dated registry,superseded,每历史finding必须关联真实结果、生产观测和残余风险；旧关闭矩阵只把义务转交不等于已兑现。,independent_obligation_and_successor_sufficiency_review
