M_T_REVIEW_t1_review_flips.md	90bcefb9aadfe098dee1f16802bdf0af9ac7af9b2d74b21cc10a45e07b26c33b	4250	C:\Users\郑曾波\Projects\revenue-forecast\.planning\2026-09-19-three-project-history-audit\execution_runs\M-T-REVIEW\a20260923-01\landing_package\t1_review_flips.md
M_T_REVIEW_T1_rulings.md	f127590cb04c546bcdc4e45306df5c7eab7dbb7b38f8bd99a8c4056609a742ca	9002	C:\Users\郑曾波\Projects\revenue-forecast\.planning\2026-09-19-three-project-history-audit\execution_runs\M-T-REVIEW\a20260923-01\reviews\T1_rulings.md
M_T_REVIEW_acceptance_rulings.md	257e47da5f2924c2f6079f093c6884aa8ecc37a6eab2ce044c7fc26130e5495b	10881	C:\Users\郑曾波\Projects\revenue-forecast\.planning\2026-09-19-three-project-history-audit\execution_runs\M-T-REVIEW\a20260923-01\acceptance_rulings.md
M_T_REVIEW_decision.md	91f6f21bbdf2c15b9dd85e468303c9aeea39350b117f9f393a0eb8e0e633151e	8473	C:\Users\郑曾波\Projects\revenue-forecast\.planning\2026-09-19-three-project-history-audit\execution_runs\M-T-REVIEW\a20260923-01\decision.md
T1_8_decision.md	f35c6f852d744da6c1d7ae52ef6dc343c6beb5cfa63d7f5e72826fad461a13dd	17284	C:\Users\郑曾波\Projects\revenue-forecast\.planning\2026-09-19-three-project-history-audit\execution_runs\T1-8\a20260920-03\decision.md
T1_8_verify_t8_pre3.py	0c23dc9cb4c35b7be8b0483429a240252d13ce197be18c6b4c386f219b28840d	20904	C:\Users\郑曾波\Projects\revenue-forecast\.planning\2026-09-19-three-project-history-audit\execution_runs\T1-8\a20260920-03\scripts\verify_t8_pre3.py
T1_10_decision.md	d7fe3ebb8dcc68689f876f7cd7fa03ab09ae13119a72d61c1f54afcecf30e232	14031	C:\Users\郑曾波\Projects\revenue-forecast\.planning\2026-09-19-three-project-history-audit\execution_runs\T1-10\a20260920-01\decision.md
T1_10_verify_t1_10.py	544ae0adb3a969209eee5ab5ddbdb781a63a5a6a2b615d8025386b22223ab983	24335	C:\Users\郑曾波\Projects\revenue-forecast\.planning\2026-09-19-three-project-history-audit\execution_runs\T1-10\a20260920-01\scripts\verify_t1_10.py
T1_10_t1_10_defect_verification.json	22ead5c549311acea517bdf9819fcf97ad04c24c48edfb82cfc5451cabcb413c	12763	C:\Users\郑曾波\Projects\revenue-forecast\.planning\2026-09-19-three-project-history-audit\execution_runs\T1-10\a20260920-01\t1_10_defect_verification.json
I14B_sut_r2_natural_window.py	7fff6f0c1e8ab202d3034540ca3b2b6cb6be17b4661bc726f7f5261159e4e796	20293	C:\Users\郑曾波\Projects\revenue-forecast\.planning\2026-09-19-three-project-history-audit\execution_runs\I-14-B\a20260919-01\iso\natural_window.py
I14B_run_cases.py	f2a07d0b85c5dcb3a233d9010ad9deead70b22535ab82a61414d2ef7f54f7c23	8390	C:\Users\郑曾波\Projects\revenue-forecast\.planning\2026-09-19-three-project-history-audit\execution_runs\I-14-B\a20260919-01\harness\run_cases.py
I14B_cases.json	5d8c459277da88b8361b520bee1424f079dc1d9c08744433cae0d30cdbb67d64	25233	C:\Users\郑曾波\Projects\revenue-forecast\.planning\2026-09-19-three-project-history-audit\execution_runs\I-14-B\a20260919-01\harness\cases.json
I14B_cases.r2.json	23d89fb27bbdb599646290ba5dbf096a0d1513d63c7a6d19f3f16fe9f88279de	56931	C:\Users\郑曾波\Projects\revenue-forecast\.planning\2026-09-19-three-project-history-audit\execution_runs\I-14-B\a20260919-01\harness\cases.r2.json
I14B_frozen_expectations.json	3ba2bb1799ae30b9acac064ab7a7a57338fcd3dfab3aa27052e02f8ffdac806b	4069	C:\Users\郑曾波\Projects\revenue-forecast\.planning\2026-09-19-three-project-history-audit\execution_runs\I-14-B\a20260919-01\harness\frozen_expectations.json
I14B_frozen_expectations.r2.json	a24d8ab3444dd1c75eaa3533f424a048bdced4f0f66408cb04622ead760667ba	22261	C:\Users\郑曾波\Projects\revenue-forecast\.planning\2026-09-19-three-project-history-audit\execution_runs\I-14-B\a20260919-01\harness\frozen_expectations.r2.json
I14B_mutate.r2.py	4f741cb72af5cdb62095b422d4d87d6440082091a53969704201616bed383def	8059	C:\Users\郑曾波\Projects\revenue-forecast\.planning\2026-09-19-three-project-history-audit\execution_runs\I-14-B\a20260919-01\harness\mutate.r2.py
I14B_test_r1.py	413ff05c52e07acacf0491a0ec3f2cd1c426011995b45d7ad3edaab65a38ad4e	10051	C:\Users\郑曾波\Projects\revenue-forecast\.planning\2026-09-19-three-project-history-audit\execution_runs\I-14-B\a20260919-01\harness\tests\test_i14b_natural_window.py
I14B_test_r2.py	ace076871c811441bc454692323dbba71243086ec7287880eed9b51a8114d1e9	8372	C:\Users\郑曾波\Projects\revenue-forecast\.planning\2026-09-19-three-project-history-audit\execution_runs\I-14-B\a20260919-01\harness\tests\test_i14b_natural_window_r2.py
I14B_oracle.md	bdd0407ab577ed4564b8e948d8e3954b663c795dbcd7a3035485424ae753baf3	26554	C:\Users\郑曾波\Projects\revenue-forecast\.planning\2026-09-19-three-project-history-audit\execution_runs\I-14-B\a20260919-01\oracle.md
I14B_review.md	ab93734d430bd2814d55ae8be5f22297c4a3888c8ac83f0c43192fa0576142ed	41849	C:\Users\郑曾波\Projects\revenue-forecast\.planning\2026-09-19-three-project-history-audit\execution_runs\I-14-B\a20260919-01\review.md
I14B_changes.r2.diff	660bc943187db1c083ef8f04b3c642f3917a3040a5eae376c4fcbbb7ef2c2104	8836	C:\Users\郑曾波\Projects\revenue-forecast\.planning\2026-09-19-three-project-history-audit\execution_runs\I-14-B\a20260919-01\changes.r2.diff
OWNER_DECISIONS.md	c13feca44a052f8238b32ab7db5de367859ddfc78cd0cc0b1bdefb80659bc6b7	64386	C:\Users\郑曾波\Projects\revenue-forecast\.planning\2026-09-19-three-project-history-audit\OWNER_DECISIONS.md
